id,vehicle_id,user_id,rating
65db6113da182b650cb2fe9e,65d9743cb020df0fbbfc1e5c,8,5
65db6113da182b650cb2fe9f,65d9743bb020df0fbbfc1d47,8,1
65db6113da182b650cb2fea0,65d9743ab020df0fbbfc1d23,8,5
65db6113da182b650cb2fea1,65d9743bb020df0fbbfc1ddd,8,4
65db6113da182b650cb2fea2,65d9743ab020df0fbbfc1d23,8,3
65db6113da182b650cb2fea3,65d9743ab020df0fbbfc1d37,8,4
65db6113da182b650cb2fea4,65d9743db020df0fbbfc1f4e,8,3
65db6113da182b650cb2fea5,65d9743cb020df0fbbfc1e5c,8,5
65db6113da182b650cb2fea6,65d9743bb020df0fbbfc1dc6,8,4
65db6113da182b650cb2fea7,65d9743db020df0fbbfc1f26,8,3
65db612df6835e192b749742,65d9743bb020df0fbbfc1d47,8,5
65db612df6835e192b749743,65d9743db020df0fbbfc1f4e,8,5
65db612df6835e192b749744,65d9743cb020df0fbbfc1dfa,8,4
65db612df6835e192b749745,65d9743cb020df0fbbfc1e0b,8,5
65db612df6835e192b749746,65d9743eb020df0fbbfc1fe9,8,3
65db612df6835e192b749747,65d9743cb020df0fbbfc1e9e,8,3
65db612df6835e192b749748,65d9743bb020df0fbbfc1d9c,8,4
65db612df6835e192b749749,65d9743cb020df0fbbfc1e78,8,2
65db612df6835e192b74974a,65d9743bb020df0fbbfc1d66,8,5
65db612df6835e192b74974b,65d9743cb020df0fbbfc1e9e,8,2
65db612df6835e192b74974c,65d9743ab020df0fbbfc1d37,8,2
65db612df6835e192b74974d,65d9743bb020df0fbbfc1d3e,8,5
65db612df6835e192b74974e,65d9743bb020df0fbbfc1d77,8,1
65db612df6835e192b74974f,65d9743bb020df0fbbfc1dc6,8,3
65db612df6835e192b749750,65d9743bb020df0fbbfc1d3e,8,1
65db612df6835e192b749751,65d9743cb020df0fbbfc1e40,8,4
65db612df6835e192b749752,65d9743bb020df0fbbfc1d88,8,4
65db612df6835e192b749753,65d9743bb020df0fbbfc1db3,8,2
65db612df6835e192b749754,65d9743bb020df0fbbfc1d40,8,3
65db612df6835e192b749755,65d9743cb020df0fbbfc1e78,8,4
65db612df6835e192b749756,65d9743bb020df0fbbfc1d77,8,1
65db612df6835e192b749757,65d97439b020df0fbbfc1c99,8,1
65db612df6835e192b749758,65d9743bb020df0fbbfc1d55,8,1
65db612df6835e192b749759,65d9743db020df0fbbfc1f26,8,3
65db612df6835e192b74975a,65d9743cb020df0fbbfc1e0b,8,4
65db612df6835e192b74975b,65d9743bb020df0fbbfc1d47,8,3
65db612df6835e192b74975c,65d9743bb020df0fbbfc1d5e,8,3
65db612df6835e192b74975d,65d9743db020df0fbbfc1f4e,8,3
65db612df6835e192b74975e,65d9743bb020df0fbbfc1d55,8,3
65db612df6835e192b74975f,65d9743bb020df0fbbfc1d46,8,1
65db612df6835e192b749760,65d9743db020df0fbbfc1f26,8,1
65db612df6835e192b749761,65d9743cb020df0fbbfc1dfa,8,3
65db612df6835e192b749762,65d9743cb020df0fbbfc1df3,8,3
65db612df6835e192b749763,65d9743bb020df0fbbfc1db3,8,4
65db612df6835e192b749764,65d9743eb020df0fbbfc1fe9,8,1
65db612df6835e192b749765,65d9743cb020df0fbbfc1e0b,8,4
65db612df6835e192b749766,65d9743bb020df0fbbfc1d9c,8,3
65db612df6835e192b749767,65d9743cb020df0fbbfc1e40,8,5
65db612df6835e192b749768,65d9743cb020df0fbbfc1df3,8,2
65db612df6835e192b749769,65d9743eb020df0fbbfc1fe9,8,4
65db612df6835e192b74976a,65d9743eb020df0fbbfc1fb4,8,5
65db612df6835e192b74976b,65d97439b020df0fbbfc1c99,8,4
65db612df6835e192b74976c,65d9743bb020df0fbbfc1db3,8,5
65db612df6835e192b74976d,65d9743eb020df0fbbfc1fb4,8,2
65db612df6835e192b74976e,65d9743bb020df0fbbfc1d88,8,4
65db612df6835e192b74976f,65d9743bb020df0fbbfc1d46,8,2
65db612df6835e192b749770,65d9743bb020df0fbbfc1dc6,8,5
65db612df6835e192b749771,65d9743db020df0fbbfc1f4e,8,4
65db612df6835e192b749772,65d9743bb020df0fbbfc1d94,8,3
65db612df6835e192b749773,65d9743db020df0fbbfc1f4e,8,3
65db612df6835e192b749774,65d97439b020df0fbbfc1c99,8,4
65db612df6835e192b749775,65d9743cb020df0fbbfc1e78,8,4
65db612df6835e192b749776,65d9743bb020df0fbbfc1d66,8,2
65db612df6835e192b749777,65d97439b020df0fbbfc1c99,8,2
65db612df6835e192b749778,65d9743db020df0fbbfc1f26,8,2
65db612df6835e192b749779,65d9743cb020df0fbbfc1e96,8,4
65db612df6835e192b74977a,65d9743bb020df0fbbfc1db3,8,3
65db612df6835e192b74977b,65d9743ab020df0fbbfc1d37,8,2
65db612df6835e192b74977c,65d9743bb020df0fbbfc1d66,8,2
65db612df6835e192b74977d,65d9743db020df0fbbfc1f26,8,2
65db612df6835e192b74977e,65d9743ab020df0fbbfc1d37,8,4
65db612df6835e192b74977f,65dadbdd875c7156f446844c,8,3
65db612df6835e192b749780,65d9743bb020df0fbbfc1d3e,8,5
65db612df6835e192b749781,65d9743cb020df0fbbfc1e0b,8,4
65db612df6835e192b749782,65d9743bb020df0fbbfc1d94,8,1
65db612df6835e192b749783,65d9743bb020df0fbbfc1dc6,8,2
65db612df6835e192b749784,65d9743bb020df0fbbfc1d66,8,5
65db612df6835e192b749785,65d9743eb020df0fbbfc1fb4,8,1
65db612df6835e192b749786,65d9743cb020df0fbbfc1e25,8,1
65db612df6835e192b749787,65d9743bb020df0fbbfc1d94,8,3
65db612df6835e192b749788,65d9743bb020df0fbbfc1d47,8,2
65db612df6835e192b749789,65d9743bb020df0fbbfc1d47,8,3
65db612df6835e192b74978a,65d9743bb020df0fbbfc1d40,8,2
65db612df6835e192b74978b,65d9743bb020df0fbbfc1d46,8,1
65db612df6835e192b74978c,65d9743db020df0fbbfc1f4e,8,2
65db612df6835e192b74978d,65d9743bb020df0fbbfc1d5e,8,1
65db612df6835e192b74978e,65d9743cb020df0fbbfc1e0b,8,1
65db612df6835e192b74978f,65d9743bb020df0fbbfc1d66,8,5
65db612df6835e192b749790,65d9743cb020df0fbbfc1e5c,8,4
65db612df6835e192b749791,65d9743bb020df0fbbfc1d5e,8,4
65db612df6835e192b749792,65d9743bb020df0fbbfc1d3e,8,3
65db612df6835e192b749793,65d9743bb020df0fbbfc1d5e,8,4
65db612df6835e192b749794,65d9743bb020df0fbbfc1ddd,8,1
65db612df6835e192b749795,65d9743bb020df0fbbfc1d9c,8,5
65db612df6835e192b749796,65d9743bb020df0fbbfc1d77,8,2
65db612df6835e192b749797,65d9743bb020df0fbbfc1db3,8,5
65db612df6835e192b749798,65d9743bb020df0fbbfc1d55,8,5
65db612df6835e192b749799,65d9743bb020df0fbbfc1d77,8,5
65db612df6835e192b74979a,65d9743bb020df0fbbfc1d46,8,3
65db612df6835e192b74979b,65d9743cb020df0fbbfc1e5c,8,4
65db612df6835e192b74979c,65d9743ab020df0fbbfc1d23,8,2
65db612df6835e192b74979d,65d9743bb020df0fbbfc1d94,8,4
65db612df6835e192b74979e,65d97439b020df0fbbfc1c99,8,3
65db612df6835e192b74979f,65d9743eb020df0fbbfc1fb4,8,3
65db612df6835e192b7497a0,65d9743bb020df0fbbfc1d88,8,5
65db612df6835e192b7497a1,65d97439b020df0fbbfc1c99,8,2
65db612df6835e192b7497a2,65d9743ab020df0fbbfc1d37,8,5
65db612df6835e192b7497a3,65d9743cb020df0fbbfc1df3,8,1
65db612df6835e192b7497a4,65d9743bb020df0fbbfc1ddd,8,1
65db612df6835e192b7497a5,65d9743ab020df0fbbfc1d37,8,1
65db612df6835e192b7497a6,65d9743db020df0fbbfc1f4e,8,5
65db612df6835e192b7497a7,65d9743cb020df0fbbfc1e9e,8,3
65db612df6835e192b7497a8,65d9743bb020df0fbbfc1d47,8,2
65db612df6835e192b7497a9,65d9743db020df0fbbfc1f4e,8,5
65db612df6835e192b7497aa,65d9743cb020df0fbbfc1e9e,8,5
65db612df6835e192b7497ab,65d9743cb020df0fbbfc1dfa,8,4
65db612df6835e192b7497ac,65d9743ab020df0fbbfc1d37,8,5
65db612df6835e192b7497ad,65d9743ab020df0fbbfc1d37,8,3
65db612df6835e192b7497ae,65d9743cb020df0fbbfc1e0b,8,2
65db612df6835e192b7497af,65d9743bb020df0fbbfc1d40,8,4
65db612df6835e192b7497b0,65d9743eb020df0fbbfc1fb4,8,3
65db612df6835e192b7497b1,65d9743bb020df0fbbfc1d46,8,4
65db612df6835e192b7497b2,65d9743db020df0fbbfc1f26,8,4
65db612df6835e192b7497b3,65d9743bb020df0fbbfc1d66,8,3
65db612df6835e192b7497b4,65d9743bb020df0fbbfc1d88,8,4
65db612df6835e192b7497b5,65d9743bb020df0fbbfc1db3,8,4
65db612df6835e192b7497b6,65d9743bb020df0fbbfc1dc6,8,5
65db612df6835e192b7497b7,65d9743cb020df0fbbfc1e9e,8,1
65db612df6835e192b7497b8,65d9743bb020df0fbbfc1d40,8,1
65db612df6835e192b7497b9,65d9743ab020df0fbbfc1d23,8,1
65db612df6835e192b7497ba,65d9743bb020df0fbbfc1d3e,8,5
65db612df6835e192b7497bb,65d9743bb020df0fbbfc1d88,8,4
65db612df6835e192b7497bc,65d9743eb020df0fbbfc1fb4,8,4
65db612df6835e192b7497bd,65d9743bb020df0fbbfc1ddd,8,2
65db612df6835e192b7497be,65d9743bb020df0fbbfc1d88,8,4
65db612df6835e192b7497bf,65d9743bb020df0fbbfc1d9c,8,3
65db612df6835e192b7497c0,65d9743bb020df0fbbfc1d46,8,1
65db612df6835e192b7497c1,65d9743bb020df0fbbfc1ddd,8,5
65db612df6835e192b7497c2,65d9743bb020df0fbbfc1d3e,8,3
65db612df6835e192b7497c3,65d9743bb020df0fbbfc1dc6,8,5
65db612df6835e192b7497c4,65d9743bb020df0fbbfc1db3,8,4
65db612df6835e192b7497c5,65d9743bb020df0fbbfc1d77,8,5
65db612df6835e192b7497c6,65d9743cb020df0fbbfc1e9e,8,5
65db612df6835e192b7497c7,65d9743bb020df0fbbfc1d88,8,3
65db612df6835e192b7497c8,65d9743bb020df0fbbfc1db3,8,5
65db612df6835e192b7497c9,65d9743ab020df0fbbfc1d23,8,1
65db612df6835e192b7497ca,65d9743bb020df0fbbfc1d55,8,4
65db612df6835e192b7497cb,65d9743eb020df0fbbfc1fb4,8,5
65db612df6835e192b7497cc,65d9743cb020df0fbbfc1dfa,8,1
65db612df6835e192b7497cd,65d9743bb020df0fbbfc1d66,8,2
65db612df6835e192b7497ce,65d9743bb020df0fbbfc1dc6,8,1
65db612df6835e192b7497cf,65d9743bb020df0fbbfc1d66,8,4
65db612df6835e192b7497d0,65d9743cb020df0fbbfc1e0b,8,4
65db612df6835e192b7497d1,65d9743cb020df0fbbfc1df3,8,2
65db612df6835e192b7497d2,65d9743cb020df0fbbfc1dfa,8,3
65db612df6835e192b7497d3,65d9743bb020df0fbbfc1db3,8,3
65db612df6835e192b7497d4,65d9743ab020df0fbbfc1d2e,8,2
65db612df6835e192b7497d5,65d9743ab020df0fbbfc1d23,8,3
65db612df6835e192b7497d6,65d9743db020df0fbbfc1f26,8,4
65db612df6835e192b7497d7,65d9743cb020df0fbbfc1e40,8,4
65db612df6835e192b7497d8,65d9743ab020df0fbbfc1d37,8,5
65db612df6835e192b7497d9,65d9743db020df0fbbfc1f4e,8,2
65db612df6835e192b7497da,65d9743eb020df0fbbfc1fb4,8,5
65db612df6835e192b7497db,65d9743cb020df0fbbfc1e5c,8,3
65db612df6835e192b7497dc,65d9743bb020df0fbbfc1dc6,8,1
65db612df6835e192b7497dd,65d9743ab020df0fbbfc1d37,8,2
65db612df6835e192b7497de,65d9743cb020df0fbbfc1df3,8,2
65db612df6835e192b7497df,65dadbdd875c7156f446844c,8,4
65db612df6835e192b7497e0,65dadbdd875c7156f446844c,8,1
65db612df6835e192b7497e1,65d9743cb020df0fbbfc1e78,8,4
65db612df6835e192b7497e2,65d9743ab020df0fbbfc1d2e,8,5
65db612df6835e192b7497e3,65d9743cb020df0fbbfc1dfa,8,3
65db612df6835e192b7497e4,65d9743bb020df0fbbfc1dc6,8,2
65db612df6835e192b7497e5,65d9743ab020df0fbbfc1d2e,8,4
65db612df6835e192b7497e6,65d9743bb020df0fbbfc1d5e,8,4
65db612df6835e192b7497e7,65d9743eb020df0fbbfc1fb4,8,2
65db612df6835e192b7497e8,65d9743eb020df0fbbfc1fe9,8,2
65db612df6835e192b7497e9,65d9743ab020df0fbbfc1d2e,8,3
65db612df6835e192b7497ea,65d9743bb020df0fbbfc1d94,8,4
65db612df6835e192b7497eb,65d9743bb020df0fbbfc1d77,8,4
65db612df6835e192b7497ec,65d9743bb020df0fbbfc1d55,8,5
65db612df6835e192b7497ed,65d9743bb020df0fbbfc1d77,8,2
65db612df6835e192b7497ee,65d9743bb020df0fbbfc1d77,8,4
65db612df6835e192b7497ef,65d9743cb020df0fbbfc1e40,8,2
65db612df6835e192b7497f0,65d9743cb020df0fbbfc1dfa,8,3
65db612df6835e192b7497f1,65d9743bb020df0fbbfc1d66,8,1
65db612df6835e192b7497f2,65dadbdd875c7156f446844c,8,4
65db612df6835e192b7497f3,65d9743bb020df0fbbfc1d3e,8,5
65db612df6835e192b7497f4,65d9743bb020df0fbbfc1d9c,8,2
65db612df6835e192b7497f5,65d9743cb020df0fbbfc1e25,8,2
65db612df6835e192b7497f6,65d9743cb020df0fbbfc1e5c,8,4
65db612df6835e192b7497f7,65d9743cb020df0fbbfc1e25,8,5
65db612df6835e192b7497f8,65d9743bb020df0fbbfc1d40,8,5
65db612df6835e192b7497f9,65d9743ab020df0fbbfc1d2e,8,4
65db612df6835e192b7497fa,65d9743bb020df0fbbfc1d9c,8,2
65db612df6835e192b7497fb,65d9743eb020df0fbbfc1fb4,8,2
65db612df6835e192b7497fc,65d9743bb020df0fbbfc1d3e,8,5
65db612df6835e192b7497fd,65d9743cb020df0fbbfc1e96,8,4
65db612df6835e192b7497fe,65d9743ab020df0fbbfc1d2e,8,1
65db612df6835e192b7497ff,65d9743cb020df0fbbfc1e78,8,1
65db612df6835e192b749800,65d9743bb020df0fbbfc1d3e,8,4
65db612df6835e192b749801,65d9743bb020df0fbbfc1db3,8,5
65db612df6835e192b749802,65d9743cb020df0fbbfc1e0b,8,3
65db612df6835e192b749803,65d9743bb020df0fbbfc1d9c,8,5
65db612df6835e192b749804,65d9743cb020df0fbbfc1dfa,8,2
65db612df6835e192b749805,65d9743bb020df0fbbfc1d88,8,2
65db612df6835e192b749806,65d9743bb020df0fbbfc1d40,8,5
65db612df6835e192b749807,65dadbdd875c7156f446844c,8,3
65db612df6835e192b749808,65d9743cb020df0fbbfc1df3,8,2
65db612df6835e192b749809,65d9743bb020df0fbbfc1d9c,8,2
65db612df6835e192b74980a,65d9743cb020df0fbbfc1e0b,8,2
65db612df6835e192b74980b,65d9743bb020df0fbbfc1d3e,8,3
65db612df6835e192b74980c,65d9743bb020df0fbbfc1d3e,8,4
65db612df6835e192b74980d,65d9743bb020df0fbbfc1d55,8,2
65db612df6835e192b74980e,65d9743cb020df0fbbfc1e5c,8,3
65db612df6835e192b74980f,65d9743bb020df0fbbfc1ddd,8,3
65db612df6835e192b749810,65d9743eb020df0fbbfc1fe9,8,3
65db612df6835e192b749811,65d9743cb020df0fbbfc1df3,8,1
65db612df6835e192b749812,65d9743ab020df0fbbfc1d37,8,2
65db612df6835e192b749813,65d9743bb020df0fbbfc1db3,8,3
65db612df6835e192b749814,65d9743cb020df0fbbfc1e78,8,1
65db612df6835e192b749815,65d9743cb020df0fbbfc1e78,8,3
65db612df6835e192b749816,65d9743ab020df0fbbfc1d2e,8,3
65db612df6835e192b749817,65d9743ab020df0fbbfc1d2e,8,2
65db612df6835e192b749818,65d9743bb020df0fbbfc1d88,8,4
65db612df6835e192b749819,65d9743bb020df0fbbfc1d88,8,3
65db612df6835e192b74981a,65d97439b020df0fbbfc1c99,8,1
65db612df6835e192b74981b,65d9743bb020df0fbbfc1d47,8,3
65db612df6835e192b74981c,65d9743bb020df0fbbfc1d66,8,3
65db612df6835e192b74981d,65d9743bb020df0fbbfc1d55,8,1
65db612df6835e192b74981e,65d9743ab020df0fbbfc1d23,8,3
65db612df6835e192b74981f,65d9743bb020df0fbbfc1d40,8,1
65db612df6835e192b749820,65d9743bb020df0fbbfc1d66,8,1
65db612df6835e192b749821,65d9743bb020df0fbbfc1ddd,8,2
65db612df6835e192b749822,65d9743bb020df0fbbfc1d40,8,2
65db612df6835e192b749823,65d9743bb020df0fbbfc1d66,8,2
65db612df6835e192b749824,65d9743eb020df0fbbfc1fe9,8,1
65db612df6835e192b749825,65d9743bb020df0fbbfc1d94,8,1
65db612df6835e192b749826,65d9743cb020df0fbbfc1e96,8,1
65db612df6835e192b749827,65d9743ab020df0fbbfc1d2e,8,3
65db612df6835e192b749828,65d9743bb020df0fbbfc1d77,8,1
65db612df6835e192b749829,65d9743bb020df0fbbfc1d3e,8,3
65db612df6835e192b74982a,65d9743bb020df0fbbfc1d66,8,5
65db612df6835e192b74982b,65d9743cb020df0fbbfc1dfa,8,5
65db612df6835e192b74982c,65d9743bb020df0fbbfc1d88,8,3
65db612df6835e192b74982d,65d9743bb020df0fbbfc1d46,8,4
65db612df6835e192b74982e,65d9743cb020df0fbbfc1e5c,8,4
65db612df6835e192b74982f,65d9743bb020df0fbbfc1d55,8,3
65db612df6835e192b749830,65d9743bb020df0fbbfc1d77,8,4
65db612df6835e192b749831,65d9743cb020df0fbbfc1e25,8,1
65db612df6835e192b749832,65d9743db020df0fbbfc1f4e,8,4
65db612df6835e192b749833,65d9743bb020df0fbbfc1d46,8,5
65db612df6835e192b749834,65d9743cb020df0fbbfc1e0b,8,3
65db612df6835e192b749835,65d9743bb020df0fbbfc1d55,8,5
65db612df6835e192b749836,65d9743bb020df0fbbfc1d40,8,3
65db612df6835e192b749837,65d9743ab020df0fbbfc1d23,8,4
65db612df6835e192b749838,65d9743cb020df0fbbfc1dfa,8,5
65db612df6835e192b749839,65d9743ab020df0fbbfc1d23,8,4
65db612df6835e192b74983a,65d9743ab020df0fbbfc1d23,8,5
65db612df6835e192b74983b,65d9743bb020df0fbbfc1d88,8,1
65db612df6835e192b74983c,65d9743cb020df0fbbfc1df3,8,3
65db612df6835e192b74983d,65d9743cb020df0fbbfc1dfa,8,3
65db612df6835e192b74983e,65d9743ab020df0fbbfc1d23,8,2
65db612df6835e192b74983f,65d9743eb020df0fbbfc1fe9,8,4
65db612df6835e192b749840,65d9743bb020df0fbbfc1d9c,8,2
65db612df6835e192b749841,65d9743bb020df0fbbfc1d77,8,2
65db612df6835e192b749842,65d9743bb020df0fbbfc1db3,8,3
65db612df6835e192b749843,65d9743bb020df0fbbfc1d77,8,4
65db612df6835e192b749844,65d97439b020df0fbbfc1c99,8,4
65db612df6835e192b749845,65d9743bb020df0fbbfc1d5e,8,4
65db612df6835e192b749846,65d9743bb020df0fbbfc1d55,8,5
65db612df6835e192b749847,65d9743bb020df0fbbfc1d94,8,5
65db612df6835e192b749848,65d9743cb020df0fbbfc1e40,8,5
65db612df6835e192b749849,65d9743cb020df0fbbfc1e25,8,4
65db612df6835e192b74984a,65d9743ab020df0fbbfc1d37,8,4
65db612df6835e192b74984b,65d9743ab020df0fbbfc1d23,8,3
65db612df6835e192b74984c,65d9743cb020df0fbbfc1e9e,8,3
65db612df6835e192b74984d,65d9743bb020df0fbbfc1dc6,8,2
65db612df6835e192b74984e,65d9743ab020df0fbbfc1d37,8,4
65db612df6835e192b74984f,65d9743db020df0fbbfc1f26,8,4
65db612df6835e192b749850,65d9743bb020df0fbbfc1d9c,8,4
65db612df6835e192b749851,65d9743bb020df0fbbfc1d46,8,1
65db612df6835e192b749852,65d9743cb020df0fbbfc1e25,8,5
65db612df6835e192b749853,65d9743cb020df0fbbfc1e5c,8,1
65db612df6835e192b749854,65d9743eb020df0fbbfc1fe9,8,2
65db612df6835e192b749855,65d9743bb020df0fbbfc1d9c,8,1
65db612df6835e192b749856,65d9743db020df0fbbfc1f26,8,3
65db612df6835e192b749857,65d9743cb020df0fbbfc1dfa,8,3
65db612df6835e192b749858,65d9743ab020df0fbbfc1d2e,8,3
65db612df6835e192b749859,65d9743bb020df0fbbfc1dc6,8,2
65db612df6835e192b74985a,65d9743bb020df0fbbfc1d88,8,2
65db612df6835e192b74985b,65d9743bb020df0fbbfc1d47,8,5
65db612df6835e192b74985c,65d9743bb020df0fbbfc1d46,8,1
65db612df6835e192b74985d,65d9743db020df0fbbfc1f26,8,4
65db612df6835e192b74985e,65d9743db020df0fbbfc1f4e,8,3
65db612df6835e192b74985f,65d9743cb020df0fbbfc1e9e,8,1
65db612df6835e192b749860,65d9743db020df0fbbfc1f26,8,1
65db612df6835e192b749861,65d9743bb020df0fbbfc1ddd,8,3
65db612df6835e192b749862,65d9743ab020df0fbbfc1d37,8,5
65db612df6835e192b749863,65d9743bb020df0fbbfc1d55,8,3
65db612df6835e192b749864,65d9743ab020df0fbbfc1d37,8,5
65db612df6835e192b749865,65d9743ab020df0fbbfc1d2e,8,3
65db612df6835e192b749866,65d9743bb020df0fbbfc1d3e,8,2
65db612df6835e192b749867,65d9743cb020df0fbbfc1e5c,8,5
65db612df6835e192b749868,65d9743bb020df0fbbfc1d77,8,2
65db612df6835e192b749869,65d9743bb020df0fbbfc1d3e,8,4
65db612df6835e192b74986a,65d9743bb020df0fbbfc1db3,8,2
65db612df6835e192b74986b,65d9743eb020df0fbbfc1fe9,8,4
65db612df6835e192b74986c,65d9743bb020df0fbbfc1d66,8,3
65db612df6835e192b74986d,65d97439b020df0fbbfc1c99,8,3
65db612df6835e192b74986e,65d9743ab020df0fbbfc1d23,8,1
65db612df6835e192b74986f,65d9743bb020df0fbbfc1d66,8,1
65db612df6835e192b749870,65d9743bb020df0fbbfc1d94,8,5
65db612df6835e192b749871,65d9743bb020df0fbbfc1d5e,8,4
65db612df6835e192b749872,65d9743cb020df0fbbfc1e0b,8,2
65db612df6835e192b749873,65d9743bb020df0fbbfc1d77,8,5
65db612df6835e192b749874,65d9743bb020df0fbbfc1dc6,8,1
65db612df6835e192b749875,65d9743cb020df0fbbfc1e0b,8,5
65db612df6835e192b749876,65d9743bb020df0fbbfc1ddd,8,5
65db612df6835e192b749877,65d9743bb020df0fbbfc1dc6,8,5
65db612df6835e192b749878,65d9743cb020df0fbbfc1df3,8,1
65db612df6835e192b749879,65d97439b020df0fbbfc1c99,8,2
65db612df6835e192b74987a,65d9743ab020df0fbbfc1d37,8,3
65db612df6835e192b74987b,65d9743bb020df0fbbfc1ddd,8,1
65db612df6835e192b74987c,65dadbdd875c7156f446844c,8,2
65db612df6835e192b74987d,65d9743ab020df0fbbfc1d37,8,1
65db612df6835e192b74987e,65d9743cb020df0fbbfc1dfa,8,5
65db612df6835e192b74987f,65d9743cb020df0fbbfc1e25,8,2
65db612df6835e192b749880,65d9743bb020df0fbbfc1d5e,8,1
65db612df6835e192b749881,65d9743bb020df0fbbfc1d9c,8,3
65db612df6835e192b749882,65d9743bb020df0fbbfc1d9c,8,5
65db612df6835e192b749883,65d9743bb020df0fbbfc1d5e,8,1
65db612df6835e192b749884,65d9743cb020df0fbbfc1e96,8,2
65db612df6835e192b749885,65d9743cb020df0fbbfc1dfa,8,1
65db612df6835e192b749886,65d9743bb020df0fbbfc1ddd,8,2
65db612df6835e192b749887,65d9743cb020df0fbbfc1e40,8,3
65db612df6835e192b749888,65d9743eb020df0fbbfc1fb4,8,4
65db612df6835e192b749889,65dadbdd875c7156f446844c,8,1
65db612df6835e192b74988a,65d9743cb020df0fbbfc1e0b,8,4
65db612df6835e192b74988b,65d9743ab020df0fbbfc1d23,8,5
65db612df6835e192b74988c,65d9743cb020df0fbbfc1e5c,8,3
65db612df6835e192b74988d,65d9743bb020df0fbbfc1db3,8,4
65db612df6835e192b74988e,65d9743cb020df0fbbfc1e9e,8,2
65db612df6835e192b74988f,65d9743bb020df0fbbfc1d47,8,4
65db612df6835e192b749890,65d9743bb020df0fbbfc1d77,8,4
65db612df6835e192b749891,65d9743cb020df0fbbfc1e5c,8,1
65db612df6835e192b749892,65d9743bb020df0fbbfc1d9c,8,1
65db612df6835e192b749893,65d9743bb020df0fbbfc1db3,8,1
65db612df6835e192b749894,65d9743cb020df0fbbfc1e9e,8,3
65db612df6835e192b749895,65d9743bb020df0fbbfc1d3e,8,1
65db612df6835e192b749896,65d9743cb020df0fbbfc1dfa,8,1
65db612df6835e192b749897,65d9743bb020df0fbbfc1d94,8,3
65db612df6835e192b749898,65d9743bb020df0fbbfc1ddd,8,1
65db612df6835e192b749899,65d9743eb020df0fbbfc1fe9,8,3
65db612df6835e192b74989a,65d9743cb020df0fbbfc1e96,8,4
65db612df6835e192b74989b,65d9743bb020df0fbbfc1d66,8,3
65db612df6835e192b74989c,65d9743bb020df0fbbfc1d66,8,5
65db612df6835e192b74989d,65d9743bb020df0fbbfc1d40,8,3
65db612df6835e192b74989e,65d9743bb020df0fbbfc1d47,8,5
65db612df6835e192b74989f,65d9743bb020df0fbbfc1ddd,8,1
65db612df6835e192b7498a0,65d9743bb020df0fbbfc1d55,8,1
65db612df6835e192b7498a1,65d9743bb020df0fbbfc1db3,8,4
65db612df6835e192b7498a2,65d9743bb020df0fbbfc1d55,8,4
65db612df6835e192b7498a3,65d9743bb020df0fbbfc1d9c,8,3
65db612df6835e192b7498a4,65d9743ab020df0fbbfc1d2e,8,1
65db612df6835e192b7498a5,65d9743bb020df0fbbfc1db3,8,2
65db612df6835e192b7498a6,65d9743bb020df0fbbfc1d47,8,4
65db612df6835e192b7498a7,65d9743bb020df0fbbfc1d40,8,1
65db612df6835e192b7498a8,65d9743cb020df0fbbfc1dfa,8,2
65db612df6835e192b7498a9,65dadbdd875c7156f446844c,8,4
65db612df6835e192b7498aa,65d9743cb020df0fbbfc1e25,8,4
65db612df6835e192b7498ab,65d9743cb020df0fbbfc1e25,8,5
65db612df6835e192b7498ac,65d9743cb020df0fbbfc1df3,8,3
65db612df6835e192b7498ad,65d9743cb020df0fbbfc1e96,8,1
65db612df6835e192b7498ae,65d9743db020df0fbbfc1f26,8,3
65db612df6835e192b7498af,65d9743db020df0fbbfc1f26,8,1
65db612df6835e192b7498b0,65d9743cb020df0fbbfc1df3,8,5
65db612df6835e192b7498b1,65d9743bb020df0fbbfc1d5e,8,5
65db612df6835e192b7498b2,65d9743db020df0fbbfc1f26,8,5
65db612df6835e192b7498b3,65d9743ab020df0fbbfc1d37,8,3
65db612df6835e192b7498b4,65d9743bb020df0fbbfc1d94,8,2
65db612df6835e192b7498b5,65d9743bb020df0fbbfc1d9c,8,3
65db612df6835e192b7498b6,65d9743bb020df0fbbfc1d47,8,5
65db612df6835e192b7498b7,65d9743bb020df0fbbfc1d94,8,4
65db612df6835e192b7498b8,65d97439b020df0fbbfc1c99,8,2
65db612df6835e192b7498b9,65d9743bb020df0fbbfc1db3,8,2
65db612df6835e192b7498ba,65d9743cb020df0fbbfc1df3,8,2
65db612df6835e192b7498bb,65d9743ab020df0fbbfc1d23,8,5
65db612df6835e192b7498bc,65d97439b020df0fbbfc1c99,8,2
65db612df6835e192b7498bd,65d9743cb020df0fbbfc1df3,8,2
65db612df6835e192b7498be,65d9743bb020df0fbbfc1d46,8,1
65db612df6835e192b7498bf,65d9743bb020df0fbbfc1d5e,8,2
65db612df6835e192b7498c0,65d9743cb020df0fbbfc1e0b,8,5
65db612df6835e192b7498c1,65d9743bb020df0fbbfc1d66,8,1
65db612df6835e192b7498c2,65d9743eb020df0fbbfc1fe9,8,1
65db612df6835e192b7498c3,65d9743bb020df0fbbfc1d88,8,2
65db612df6835e192b7498c4,65d9743ab020df0fbbfc1d23,8,5
65db612df6835e192b7498c5,65d9743bb020df0fbbfc1d5e,8,4
65db612df6835e192b7498c6,65d9743cb020df0fbbfc1e0b,8,1
65db612df6835e192b7498c7,65d9743bb020df0fbbfc1db3,8,5
65db612df6835e192b7498c8,65d9743ab020df0fbbfc1d2e,8,2
65db612df6835e192b7498c9,65d9743db020df0fbbfc1f4e,8,1
65db612df6835e192b7498ca,65d9743bb020df0fbbfc1d94,8,5
65db612df6835e192b7498cb,65d9743eb020df0fbbfc1fe9,8,1
65db612df6835e192b7498cc,65d9743eb020df0fbbfc1fe9,8,3
65db612df6835e192b7498cd,65d9743db020df0fbbfc1f4e,8,5
65db612df6835e192b7498ce,65d9743db020df0fbbfc1f26,8,5
65db612df6835e192b7498cf,65d9743cb020df0fbbfc1dfa,8,1
65db612df6835e192b7498d0,65d9743cb020df0fbbfc1e9e,8,1
65db612df6835e192b7498d1,65d97439b020df0fbbfc1c99,8,1
65db612df6835e192b7498d2,65d9743cb020df0fbbfc1e25,8,1
65db612df6835e192b7498d3,65d9743cb020df0fbbfc1dfa,8,4
65db612df6835e192b7498d4,65d9743cb020df0fbbfc1e78,8,2
65db612df6835e192b7498d5,65d9743cb020df0fbbfc1e5c,8,1
65db612df6835e192b7498d6,65d9743bb020df0fbbfc1db3,8,4
65db612df6835e192b7498d7,65d97439b020df0fbbfc1c99,8,1
65db612df6835e192b7498d8,65d9743bb020df0fbbfc1d66,8,2
65db612df6835e192b7498d9,65d9743bb020df0fbbfc1dc6,8,1
65db612df6835e192b7498da,65d9743eb020df0fbbfc1fb4,8,3
65db612df6835e192b7498db,65d9743cb020df0fbbfc1e9e,8,1
65db612df6835e192b7498dc,65d9743ab020df0fbbfc1d2e,8,1
65db612df6835e192b7498dd,65dadbdd875c7156f446844c,8,4
65db612df6835e192b7498de,65d9743db020df0fbbfc1f4e,8,4
65db612df6835e192b7498df,65d9743bb020df0fbbfc1d88,8,3
65db612df6835e192b7498e0,65d9743bb020df0fbbfc1d9c,8,1
65db612df6835e192b7498e1,65d9743ab020df0fbbfc1d37,8,2
65db612df6835e192b7498e2,65d9743eb020df0fbbfc1fe9,8,1
65db612df6835e192b7498e3,65d9743bb020df0fbbfc1d55,8,2
65db612df6835e192b7498e4,65d9743bb020df0fbbfc1dc6,8,2
65db612df6835e192b7498e5,65d9743bb020df0fbbfc1d94,8,2
65db612df6835e192b7498e6,65d9743bb020df0fbbfc1d47,8,1
65db612df6835e192b7498e7,65d9743bb020df0fbbfc1dc6,8,2
65db612df6835e192b7498e8,65dadbdd875c7156f446844c,8,5
65db612df6835e192b7498e9,65d9743bb020df0fbbfc1d47,8,1
65db612df6835e192b7498ea,65d9743bb020df0fbbfc1d3e,8,2
65db612df6835e192b7498eb,65d9743eb020df0fbbfc1fe9,8,3
65db612df6835e192b7498ec,65d9743bb020df0fbbfc1ddd,8,3
65db612df6835e192b7498ed,65d9743eb020df0fbbfc1fe9,8,1
65db612df6835e192b7498ee,65d9743bb020df0fbbfc1d94,8,5
65db612df6835e192b7498ef,65d9743cb020df0fbbfc1e0b,8,5
65db612df6835e192b7498f0,65d9743bb020df0fbbfc1dc6,8,5
65db612df6835e192b7498f1,65d9743eb020df0fbbfc1fb4,8,5
65db612df6835e192b7498f2,65d9743db020df0fbbfc1f4e,8,2
65db612df6835e192b7498f3,65d9743bb020df0fbbfc1ddd,8,3
65db612df6835e192b7498f4,65d9743eb020df0fbbfc1fb4,8,3
65db612df6835e192b7498f5,65d9743eb020df0fbbfc1fe9,8,2
65db612df6835e192b7498f6,65d9743cb020df0fbbfc1e5c,8,4
65db612df6835e192b7498f7,65dadbdd875c7156f446844c,8,3
65db612df6835e192b7498f8,65d9743cb020df0fbbfc1e9e,8,5
65db612df6835e192b7498f9,65dadbdd875c7156f446844c,8,2
65db612df6835e192b7498fa,65d9743eb020df0fbbfc1fe9,8,5
65db612df6835e192b7498fb,65d9743bb020df0fbbfc1d77,8,5
65db612df6835e192b7498fc,65d9743bb020df0fbbfc1d77,8,3
65db612df6835e192b7498fd,65d97439b020df0fbbfc1c99,8,4
65db612df6835e192b7498fe,65d9743cb020df0fbbfc1e0b,8,5
65db612df6835e192b7498ff,65d9743bb020df0fbbfc1db3,8,3
65db612df6835e192b749900,65d9743bb020df0fbbfc1d40,8,5
65db612df6835e192b749901,65d9743bb020df0fbbfc1d47,8,1
65db612df6835e192b749902,65d9743bb020df0fbbfc1d5e,8,2
65db612df6835e192b749903,65d97439b020df0fbbfc1c99,8,2
65db612df6835e192b749904,65d9743bb020df0fbbfc1d66,8,1
65db612df6835e192b749905,65d9743cb020df0fbbfc1dfa,8,5
65db612df6835e192b749906,65d9743bb020df0fbbfc1ddd,8,1
65db612df6835e192b749907,65d9743bb020df0fbbfc1dc6,8,5
65db612df6835e192b749908,65d9743bb020df0fbbfc1d88,8,1
65db612df6835e192b749909,65d9743bb020df0fbbfc1d46,8,2
65db612df6835e192b74990a,65d9743bb020df0fbbfc1ddd,8,2
65db612df6835e192b74990b,65d9743cb020df0fbbfc1dfa,8,3
65db612df6835e192b74990c,65d9743bb020df0fbbfc1ddd,8,4
65db612df6835e192b74990d,65d9743ab020df0fbbfc1d23,8,5
65db612df6835e192b74990e,65d9743bb020df0fbbfc1d9c,8,2
65db612df6835e192b74990f,65d9743bb020df0fbbfc1d5e,8,5
65db612df6835e192b749910,65d9743bb020df0fbbfc1d55,8,2
65db612df6835e192b749911,65d9743cb020df0fbbfc1e9e,8,2
65db612df6835e192b749912,65dadbdd875c7156f446844c,8,2
65db612df6835e192b749913,65d9743bb020df0fbbfc1dc6,8,2
65db612df6835e192b749914,65d9743cb020df0fbbfc1e78,8,1
65db612df6835e192b749915,65d9743cb020df0fbbfc1e5c,8,3
65db612df6835e192b749916,65d9743cb020df0fbbfc1e5c,8,1
65db612df6835e192b749917,65d9743bb020df0fbbfc1dc6,8,3
65db612df6835e192b749918,65d9743ab020df0fbbfc1d37,8,1
65db612df6835e192b749919,65d9743cb020df0fbbfc1df3,8,2
65db612df6835e192b74991a,65d9743bb020df0fbbfc1d3e,8,1
65db612df6835e192b74991b,65d9743db020df0fbbfc1f26,8,5
65db612df6835e192b74991c,65d9743cb020df0fbbfc1dfa,8,3
65db612df6835e192b74991d,65d9743bb020df0fbbfc1d3e,8,4
65db612df6835e192b74991e,65d9743cb020df0fbbfc1df3,8,3
65db612df6835e192b74991f,65d9743eb020df0fbbfc1fb4,8,1
65db612df6835e192b749920,65d9743eb020df0fbbfc1fe9,8,5
65db612df6835e192b749921,65dadbdd875c7156f446844c,8,1
65db612df6835e192b749922,65d9743bb020df0fbbfc1d46,8,2
65db612df6835e192b749923,65d9743cb020df0fbbfc1df3,8,1
65db612df6835e192b749924,65d9743ab020df0fbbfc1d37,8,1
65db612df6835e192b749925,65d9743cb020df0fbbfc1dfa,8,2
65db612df6835e192b749926,65d9743cb020df0fbbfc1dfa,8,3
65db612df6835e192b749927,65d9743bb020df0fbbfc1d77,8,1
65db612df6835e192b749928,65d9743bb020df0fbbfc1d88,8,4
65db612df6835e192b749929,65d9743bb020df0fbbfc1d77,8,4
65db612df6835e192b74992a,65d9743bb020df0fbbfc1d5e,8,5
65db612df6835e192b74992b,65d9743ab020df0fbbfc1d37,8,1
65db612df6835e192b74992c,65d9743bb020df0fbbfc1d94,8,1
65db612df6835e192b74992d,65d9743cb020df0fbbfc1dfa,8,2
65db612df6835e192b74992e,65d9743cb020df0fbbfc1e96,8,1
65db612df6835e192b74992f,65d9743cb020df0fbbfc1dfa,8,5
65db612df6835e192b749930,65d9743bb020df0fbbfc1d46,8,4
65db612df6835e192b749931,65d9743cb020df0fbbfc1e78,8,5
65db612df6835e192b749932,65d9743db020df0fbbfc1f4e,8,5
65db612df6835e192b749933,65d9743bb020df0fbbfc1d47,8,3
65db612df6835e192b749934,65d9743bb020df0fbbfc1d9c,8,2
65db612df6835e192b749935,65d9743db020df0fbbfc1f26,8,2
65db612df6835e192b749936,65d97439b020df0fbbfc1c99,8,1
65db612df6835e192b749937,65d9743bb020df0fbbfc1db3,8,2
65db612df6835e192b749938,65d9743cb020df0fbbfc1df3,8,5
65db612df6835e192b749939,65d9743cb020df0fbbfc1e40,8,5
65db612df6835e192b74993a,65d9743cb020df0fbbfc1e40,8,4
65db612df6835e192b74993b,65d9743bb020df0fbbfc1d77,8,1
65db612df6835e192b74993c,65d9743bb020df0fbbfc1d5e,8,4
65db612df6835e192b74993d,65d9743cb020df0fbbfc1dfa,8,3
65db612df6835e192b74993e,65d9743db020df0fbbfc1f4e,8,1
65db612df6835e192b74993f,65d9743ab020df0fbbfc1d37,8,2
65db612df6835e192b749940,65d9743bb020df0fbbfc1db3,8,1
65db612df6835e192b749941,65d9743cb020df0fbbfc1e96,8,3
65db612df6835e192b749942,65d9743bb020df0fbbfc1d9c,8,5
65db612df6835e192b749943,65d9743bb020df0fbbfc1d55,8,2
65db612df6835e192b749944,65d9743bb020df0fbbfc1d40,8,1
65db612df6835e192b749945,65d9743bb020df0fbbfc1d46,8,4
65db612df6835e192b749946,65d9743bb020df0fbbfc1d55,8,1
65db612df6835e192b749947,65d9743cb020df0fbbfc1dfa,8,1
65db612df6835e192b749948,65d9743bb020df0fbbfc1d88,8,3
65db612df6835e192b749949,65d9743bb020df0fbbfc1dc6,8,3
65db612df6835e192b74994a,65d9743ab020df0fbbfc1d23,8,4
65db612df6835e192b74994b,65d9743cb020df0fbbfc1e96,8,1
65db612df6835e192b74994c,65d9743cb020df0fbbfc1e96,8,5
65db612df6835e192b74994d,65d9743cb020df0fbbfc1df3,8,2
65db612df6835e192b74994e,65d9743ab020df0fbbfc1d23,8,4
65db612df6835e192b74994f,65d9743cb020df0fbbfc1e0b,8,1
65db612df6835e192b749950,65d9743bb020df0fbbfc1d47,8,3
65db612df6835e192b749951,65d9743bb020df0fbbfc1d5e,8,4
65db612df6835e192b749952,65d9743ab020df0fbbfc1d23,8,4
65db612df6835e192b749953,65d9743bb020df0fbbfc1d40,8,4
65db612df6835e192b749954,65d9743bb020df0fbbfc1d46,8,2
65db612df6835e192b749955,65d9743cb020df0fbbfc1df3,8,1
65db612df6835e192b749956,65d9743bb020df0fbbfc1d9c,8,2
65db612df6835e192b749957,65d9743bb020df0fbbfc1ddd,8,3
65db612df6835e192b749958,65d9743cb020df0fbbfc1e78,8,3
65db612df6835e192b749959,65d9743bb020df0fbbfc1d3e,8,1
65db612df6835e192b74995a,65d9743ab020df0fbbfc1d37,8,2
65db612df6835e192b74995b,65d9743bb020df0fbbfc1d5e,8,5
65db612df6835e192b74995c,65d9743db020df0fbbfc1f26,8,4
65db612df6835e192b74995d,65d9743cb020df0fbbfc1e78,8,5
65db612df6835e192b74995e,65d9743bb020df0fbbfc1d94,8,4
65db612df6835e192b74995f,65d9743cb020df0fbbfc1e78,8,2
65db612df6835e192b749960,65d9743bb020df0fbbfc1d40,8,4
65db612df6835e192b749961,65d9743db020df0fbbfc1f4e,8,2
65db612df6835e192b749962,65d9743bb020df0fbbfc1d66,8,5
65db612df6835e192b749963,65d9743db020df0fbbfc1f26,8,1
65db612df6835e192b749964,65d9743cb020df0fbbfc1dfa,8,4
65db612df6835e192b749965,65d9743cb020df0fbbfc1e96,8,1
65db612df6835e192b749966,65d9743bb020df0fbbfc1d77,8,4
65db612df6835e192b749967,65d9743bb020df0fbbfc1d88,8,5
65db612df6835e192b749968,65d9743cb020df0fbbfc1e25,8,4
65db612df6835e192b749969,65d9743bb020df0fbbfc1d66,8,3
65db612df6835e192b74996a,65d9743cb020df0fbbfc1dfa,8,3
65db612df6835e192b74996b,65d9743cb020df0fbbfc1dfa,8,1
65db612df6835e192b74996c,65d9743bb020df0fbbfc1d94,8,1
65db612df6835e192b74996d,65d9743cb020df0fbbfc1df3,8,1
65db612df6835e192b74996e,65d9743bb020df0fbbfc1d77,8,4
65db612df6835e192b74996f,65d9743bb020df0fbbfc1d40,8,1
65db612df6835e192b749970,65d9743bb020df0fbbfc1d77,8,3
65db612df6835e192b749971,65d9743bb020df0fbbfc1d94,8,2
65db612df6835e192b749972,65d9743bb020df0fbbfc1d94,8,3
65db612df6835e192b749973,65d9743cb020df0fbbfc1df3,8,3
65db612df6835e192b749974,65d9743cb020df0fbbfc1e0b,8,1
65db612df6835e192b749975,65d9743bb020df0fbbfc1d88,8,1
65db612df6835e192b749976,65d9743bb020df0fbbfc1d3e,8,2
65db612df6835e192b749977,65d9743ab020df0fbbfc1d2e,8,2
65db612df6835e192b749978,65d9743bb020df0fbbfc1dc6,8,1
65db612df6835e192b749979,65d9743ab020df0fbbfc1d2e,8,3
65db612df6835e192b74997a,65d9743bb020df0fbbfc1d88,8,5
65db612df6835e192b74997b,65d9743eb020df0fbbfc1fe9,8,2
65db612df6835e192b74997c,65d9743cb020df0fbbfc1e0b,8,4
65db612df6835e192b74997d,65d9743db020df0fbbfc1f26,8,2
65db612df6835e192b74997e,65d9743bb020df0fbbfc1d40,8,5
65db612df6835e192b74997f,65d9743cb020df0fbbfc1e5c,8,1
65db612df6835e192b749980,65d9743cb020df0fbbfc1e5c,8,4
65db612df6835e192b749981,65d9743cb020df0fbbfc1dfa,8,2
65db612df6835e192b749982,65d9743cb020df0fbbfc1e0b,8,1
65db612df6835e192b749983,65d9743ab020df0fbbfc1d23,8,5
65db612df6835e192b749984,65d9743cb020df0fbbfc1e40,8,5
65db612df6835e192b749985,65d9743bb020df0fbbfc1d66,8,2
65db612df6835e192b749986,65d9743bb020df0fbbfc1d88,8,5
65db612df6835e192b749987,65d9743bb020df0fbbfc1d40,8,5
65db612df6835e192b749988,65d9743ab020df0fbbfc1d37,8,5
65db612df6835e192b749989,65d9743bb020df0fbbfc1ddd,8,5
65db612df6835e192b74998a,65d9743bb020df0fbbfc1d94,8,3
65db612df6835e192b74998b,65d9743cb020df0fbbfc1e0b,8,5
65db612df6835e192b74998c,65d9743bb020df0fbbfc1d3e,8,1
65db612df6835e192b74998d,65d9743db020df0fbbfc1f4e,8,1
65db612df6835e192b74998e,65d9743bb020df0fbbfc1d55,8,4
65db612df6835e192b74998f,65d9743ab020df0fbbfc1d2e,8,1
65db612df6835e192b749990,65dadbdd875c7156f446844c,8,2
65db612df6835e192b749991,65d9743eb020df0fbbfc1fb4,8,5
65db612df6835e192b749992,65d9743cb020df0fbbfc1dfa,8,1
65db612df6835e192b749993,65d9743cb020df0fbbfc1e25,8,5
65db612df6835e192b749994,65d9743bb020df0fbbfc1ddd,8,1
65db612df6835e192b749995,65d9743ab020df0fbbfc1d2e,8,5
65db612df6835e192b749996,65d9743ab020df0fbbfc1d23,8,3
65db612df6835e192b749997,65d9743bb020df0fbbfc1d46,8,3
65db612df6835e192b749998,65d9743cb020df0fbbfc1df3,8,3
65db612df6835e192b749999,65d9743ab020df0fbbfc1d23,8,4
65db612df6835e192b74999a,65d9743ab020df0fbbfc1d2e,8,2
65db612df6835e192b74999b,65d9743bb020df0fbbfc1d94,8,5
65db612df6835e192b74999c,65d9743ab020df0fbbfc1d2e,8,2
65db612df6835e192b74999d,65d9743bb020df0fbbfc1dc6,8,5
65db612df6835e192b74999e,65d9743bb020df0fbbfc1d5e,8,1
65db612df6835e192b74999f,65d9743bb020df0fbbfc1d47,8,4
65db612df6835e192b7499a0,65d97439b020df0fbbfc1c99,8,2
65db612df6835e192b7499a1,65d9743bb020df0fbbfc1d94,8,2
65db612df6835e192b7499a2,65d9743bb020df0fbbfc1d3e,8,1
65db612df6835e192b7499a3,65d9743bb020df0fbbfc1d88,8,2
65db612df6835e192b7499a4,65d9743bb020df0fbbfc1d40,8,1
65db612df6835e192b7499a5,65d9743bb020df0fbbfc1d40,8,4
65db612df6835e192b7499a6,65d9743bb020df0fbbfc1d3e,8,5
65db612df6835e192b7499a7,65d9743db020df0fbbfc1f26,8,3
65db612df6835e192b7499a8,65d9743ab020df0fbbfc1d23,8,4
65db612df6835e192b7499a9,65d9743bb020df0fbbfc1d55,8,4
65db612df6835e192b7499aa,65d9743bb020df0fbbfc1db3,8,2
65db612df6835e192b7499ab,65d9743ab020df0fbbfc1d23,8,4
65db612df6835e192b7499ac,65dadbdd875c7156f446844c,8,3
65db612df6835e192b7499ad,65d9743cb020df0fbbfc1e40,8,4
65db612df6835e192b7499ae,65d9743db020df0fbbfc1f26,8,1
65db612df6835e192b7499af,65d9743bb020df0fbbfc1d66,8,1
65db612df6835e192b7499b0,65d9743cb020df0fbbfc1e78,8,2
65db612df6835e192b7499b1,65d9743bb020df0fbbfc1d94,8,4
65db612df6835e192b7499b2,65d9743bb020df0fbbfc1ddd,8,5
65db612df6835e192b7499b3,65d9743bb020df0fbbfc1dc6,8,4
65db612df6835e192b7499b4,65d9743bb020df0fbbfc1d66,8,4
65db612df6835e192b7499b5,65d9743bb020df0fbbfc1d9c,8,4
65db612df6835e192b7499b6,65d9743bb020df0fbbfc1dc6,8,3
65db612df6835e192b7499b7,65d9743bb020df0fbbfc1d94,8,3
65db612df6835e192b7499b8,65d9743db020df0fbbfc1f26,8,1
65db612df6835e192b7499b9,65d9743eb020df0fbbfc1fe9,8,4
65db612df6835e192b7499ba,65d9743cb020df0fbbfc1e25,8,1
65db612df6835e192b7499bb,65d97439b020df0fbbfc1c99,8,2
65db612df6835e192b7499bc,65d9743bb020df0fbbfc1ddd,8,3
65db612df6835e192b7499bd,65d9743cb020df0fbbfc1e5c,8,3
65db612df6835e192b7499be,65d9743cb020df0fbbfc1e0b,8,3
65db612df6835e192b7499bf,65d9743eb020df0fbbfc1fb4,8,2
65db612df6835e192b7499c0,65d97439b020df0fbbfc1c99,8,2
65db612df6835e192b7499c1,65d9743bb020df0fbbfc1dc6,8,3
65db612df6835e192b7499c2,65d9743bb020df0fbbfc1d88,8,5
65db612df6835e192b7499c3,65d9743bb020df0fbbfc1d5e,8,2
65db612df6835e192b7499c4,65d9743bb020df0fbbfc1d94,8,5
65db612df6835e192b7499c5,65d9743cb020df0fbbfc1dfa,8,3
65db612df6835e192b7499c6,65d9743eb020df0fbbfc1fb4,8,3
65db612df6835e192b7499c7,65d9743bb020df0fbbfc1d9c,8,4
65db612df6835e192b7499c8,65d9743bb020df0fbbfc1dc6,8,4
65db612df6835e192b7499c9,65d9743cb020df0fbbfc1e25,8,2
65db612df6835e192b7499ca,65d9743db020df0fbbfc1f26,8,5
65db612df6835e192b7499cb,65d9743bb020df0fbbfc1d5e,8,4
65db612df6835e192b7499cc,65d9743cb020df0fbbfc1e5c,8,4
65db612df6835e192b7499cd,65d9743bb020df0fbbfc1d3e,8,5
65db612df6835e192b7499ce,65d9743db020df0fbbfc1f26,8,3
65db612df6835e192b7499cf,65d9743db020df0fbbfc1f4e,8,3
65db612df6835e192b7499d0,65d9743ab020df0fbbfc1d37,8,3
65db612df6835e192b7499d1,65d9743cb020df0fbbfc1e40,8,3
65db612df6835e192b7499d2,65d9743db020df0fbbfc1f26,8,1
65db612df6835e192b7499d3,65d9743bb020df0fbbfc1d55,8,4
65db612df6835e192b7499d4,65d9743cb020df0fbbfc1e9e,8,2
65db612df6835e192b7499d5,65d9743ab020df0fbbfc1d23,8,4
65db612df6835e192b7499d6,65d9743cb020df0fbbfc1df3,8,4
65db612df6835e192b7499d7,65d9743bb020df0fbbfc1d77,8,5
65db612df6835e192b7499d8,65d9743bb020df0fbbfc1d3e,8,2
65db612df6835e192b7499d9,65dadbdd875c7156f446844c,8,3
65db612df6835e192b7499da,65d9743cb020df0fbbfc1e0b,8,3
65db612df6835e192b7499db,65d9743bb020df0fbbfc1d40,8,3
65db612df6835e192b7499dc,65d9743cb020df0fbbfc1dfa,8,2
65db612df6835e192b7499dd,65d9743bb020df0fbbfc1d9c,8,5
65db612df6835e192b7499de,65d9743db020df0fbbfc1f4e,8,1
65db612df6835e192b7499df,65d9743cb020df0fbbfc1e5c,8,5
65db612df6835e192b7499e0,65d9743db020df0fbbfc1f4e,8,1
65db612df6835e192b7499e1,65d9743cb020df0fbbfc1e5c,8,4
65db612df6835e192b7499e2,65d9743eb020df0fbbfc1fe9,8,5
65db612df6835e192b7499e3,65d9743bb020df0fbbfc1d47,8,4
65db612df6835e192b7499e4,65d9743cb020df0fbbfc1dfa,8,3
65db612df6835e192b7499e5,65d9743bb020df0fbbfc1d5e,8,5
65db612df6835e192b7499e6,65d9743bb020df0fbbfc1d66,8,3
65db612df6835e192b7499e7,65d9743db020df0fbbfc1f26,8,1
65db612df6835e192b7499e8,65d9743eb020df0fbbfc1fe9,8,1
65db612df6835e192b7499e9,65d9743cb020df0fbbfc1df3,8,1
65db612df6835e192b7499ea,65d9743bb020df0fbbfc1ddd,8,4
65db612df6835e192b7499eb,65d9743bb020df0fbbfc1ddd,8,2
65db612df6835e192b7499ec,65d97439b020df0fbbfc1c99,8,5
65db612df6835e192b7499ed,65d9743bb020df0fbbfc1d77,8,2
65db612df6835e192b7499ee,65d9743bb020df0fbbfc1d55,8,2
65db612df6835e192b7499ef,65d9743bb020df0fbbfc1d40,8,4
65db612df6835e192b7499f0,65d9743bb020df0fbbfc1dc6,8,1
65db612df6835e192b7499f1,65d9743bb020df0fbbfc1dc6,8,3
65db612df6835e192b7499f2,65d9743db020df0fbbfc1f26,8,4
65db612df6835e192b7499f3,65d9743bb020df0fbbfc1db3,8,4
65db612df6835e192b7499f4,65d97439b020df0fbbfc1c99,8,4
65db612df6835e192b7499f5,65d9743cb020df0fbbfc1e9e,8,5
65db612df6835e192b7499f6,65d9743bb020df0fbbfc1d88,8,4
65db612df6835e192b7499f7,65d9743bb020df0fbbfc1d66,8,5
65db612df6835e192b7499f8,65d9743bb020df0fbbfc1d94,8,2
65db612df6835e192b7499f9,65d9743cb020df0fbbfc1e96,8,2
65db612df6835e192b7499fa,65d9743bb020df0fbbfc1d3e,8,4
65db612df6835e192b7499fb,65d9743cb020df0fbbfc1e78,8,3
65db612df6835e192b7499fc,65d9743bb020df0fbbfc1d9c,8,5
65db612df6835e192b7499fd,65d9743bb020df0fbbfc1d55,8,2
65db612df6835e192b7499fe,65d9743cb020df0fbbfc1e5c,8,5
65db612df6835e192b7499ff,65d9743bb020df0fbbfc1d5e,8,3
65db612df6835e192b749a00,65d9743ab020df0fbbfc1d37,8,5
65db612df6835e192b749a01,65d9743bb020df0fbbfc1d55,8,1
65db612df6835e192b749a02,65d9743eb020df0fbbfc1fe9,8,3
65db612df6835e192b749a03,65d97439b020df0fbbfc1c99,8,1
65db612df6835e192b749a04,65d9743ab020df0fbbfc1d37,8,3
65db612df6835e192b749a05,65d9743ab020df0fbbfc1d2e,8,1
65db612df6835e192b749a06,65d9743bb020df0fbbfc1d66,8,4
65db612df6835e192b749a07,65d97439b020df0fbbfc1c99,8,5
65db612df6835e192b749a08,65d9743eb020df0fbbfc1fe9,8,4
65db612df6835e192b749a09,65d9743cb020df0fbbfc1e9e,8,2
65db612df6835e192b749a0a,65d9743bb020df0fbbfc1d55,8,3
65db612df6835e192b749a0b,65d9743cb020df0fbbfc1e5c,8,1
65db612df6835e192b749a0c,65d9743bb020df0fbbfc1d66,8,5
65db612df6835e192b749a0d,65d9743bb020df0fbbfc1ddd,8,4
65db612df6835e192b749a0e,65d9743bb020df0fbbfc1d55,8,4
65db612df6835e192b749a0f,65d9743bb020df0fbbfc1d77,8,2
65db612df6835e192b749a10,65d9743cb020df0fbbfc1e78,8,4
65db612df6835e192b749a11,65d9743cb020df0fbbfc1e96,8,2
65db612df6835e192b749a12,65d9743db020df0fbbfc1f26,8,4
65db612df6835e192b749a13,65d9743cb020df0fbbfc1e40,8,4
65db612df6835e192b749a14,65d9743eb020df0fbbfc1fb4,8,3
65db612df6835e192b749a15,65d97439b020df0fbbfc1c99,8,2
65db612df6835e192b749a16,65d9743bb020df0fbbfc1d40,8,4
65db612df6835e192b749a17,65d9743bb020df0fbbfc1d5e,8,3
65db612df6835e192b749a18,65d9743bb020df0fbbfc1d77,8,2
65db612df6835e192b749a19,65d9743bb020df0fbbfc1d77,8,5
65db612df6835e192b749a1a,65d9743db020df0fbbfc1f4e,8,5
65db612df6835e192b749a1b,65d9743bb020df0fbbfc1d94,8,1
65db612df6835e192b749a1c,65d9743ab020df0fbbfc1d23,8,1
65db612df6835e192b749a1d,65d9743bb020df0fbbfc1d47,8,5
65db612df6835e192b749a1e,65d9743bb020df0fbbfc1d66,8,1
65db612df6835e192b749a1f,65d9743cb020df0fbbfc1e96,8,3
65db612df6835e192b749a20,65d9743bb020df0fbbfc1db3,8,1
65db612df6835e192b749a21,65d9743cb020df0fbbfc1e9e,8,4
65db612df6835e192b749a22,65d9743cb020df0fbbfc1e40,8,5
65db612df6835e192b749a23,65d9743eb020df0fbbfc1fb4,8,1
65db612df6835e192b749a24,65d9743ab020df0fbbfc1d23,8,5
65db612df6835e192b749a25,65d9743eb020df0fbbfc1fb4,8,5
65db612df6835e192b749a26,65d9743bb020df0fbbfc1d46,8,3
65db612df6835e192b749a27,65d9743cb020df0fbbfc1dfa,8,5
65db612df6835e192b749a28,65d9743bb020df0fbbfc1dc6,8,2
65db612df6835e192b749a29,65d9743bb020df0fbbfc1d94,8,3
65db612df6835e192b749a2a,65d9743db020df0fbbfc1f4e,8,4
65db612df6835e192b749a2b,65d9743cb020df0fbbfc1df3,8,1
65db612df6835e192b749a2c,65d9743bb020df0fbbfc1ddd,8,3
65db612df6835e192b749a2d,65d9743ab020df0fbbfc1d2e,8,2
65db612df6835e192b749a2e,65d9743ab020df0fbbfc1d37,8,4
65db612df6835e192b749a2f,65d9743eb020df0fbbfc1fb4,8,5
65db612df6835e192b749a30,65d9743ab020df0fbbfc1d23,8,2
65db612df6835e192b749a31,65d9743bb020df0fbbfc1dc6,8,5
65db612df6835e192b749a32,65d9743bb020df0fbbfc1d55,8,3
65db612df6835e192b749a33,65d9743db020df0fbbfc1f4e,8,1
65db612df6835e192b749a34,65d9743eb020df0fbbfc1fe9,8,2
65db612df6835e192b749a35,65d9743bb020df0fbbfc1d88,8,1
65db612df6835e192b749a36,65d9743bb020df0fbbfc1d46,8,4
65db612df6835e192b749a37,65d9743bb020df0fbbfc1d66,8,5
65db612df6835e192b749a38,65d9743bb020df0fbbfc1d77,8,4
65db612df6835e192b749a39,65d9743bb020df0fbbfc1dc6,8,3
65db612df6835e192b749a3a,65d9743bb020df0fbbfc1d66,8,1
65db612df6835e192b749a3b,65d9743bb020df0fbbfc1ddd,8,1
65db612df6835e192b749a3c,65d9743bb020df0fbbfc1d5e,8,5
65db612df6835e192b749a3d,65d9743bb020df0fbbfc1dc6,8,2
65db612df6835e192b749a3e,65d9743cb020df0fbbfc1e9e,8,4
65db612df6835e192b749a3f,65d9743bb020df0fbbfc1d94,8,5
65db612df6835e192b749a40,65d9743cb020df0fbbfc1e9e,8,1
65db612df6835e192b749a41,65d97439b020df0fbbfc1c99,8,3
65db612df6835e192b749a42,65d97439b020df0fbbfc1c99,8,3
65db612df6835e192b749a43,65d9743bb020df0fbbfc1db3,8,5
65db612df6835e192b749a44,65d9743bb020df0fbbfc1d3e,8,1
65db612df6835e192b749a45,65d9743cb020df0fbbfc1e25,8,2
65db612df6835e192b749a46,65d9743eb020df0fbbfc1fe9,8,3
65db612df6835e192b749a47,65dadbdd875c7156f446844c,8,5
65db612df6835e192b749a48,65d9743bb020df0fbbfc1d88,8,5
65db612df6835e192b749a49,65d9743bb020df0fbbfc1d3e,8,2
65db612df6835e192b749a4a,65d9743ab020df0fbbfc1d2e,8,2
65db612df6835e192b749a4b,65d9743cb020df0fbbfc1df3,8,2
65db612df6835e192b749a4c,65d9743ab020df0fbbfc1d2e,8,4
65db612df6835e192b749a4d,65d9743bb020df0fbbfc1d5e,8,4
65db612df6835e192b749a4e,65d9743bb020df0fbbfc1d88,8,3
65db612df6835e192b749a4f,65d9743cb020df0fbbfc1df3,8,2
65db612df6835e192b749a50,65d9743ab020df0fbbfc1d37,8,1
65db612df6835e192b749a51,65d9743ab020df0fbbfc1d2e,8,4
65db612df6835e192b749a52,65d9743ab020df0fbbfc1d37,8,1
65db612df6835e192b749a53,65d9743bb020df0fbbfc1d40,8,2
65db612df6835e192b749a54,65d9743cb020df0fbbfc1e78,8,2
65db612df6835e192b749a55,65d9743bb020df0fbbfc1ddd,8,5
65db612df6835e192b749a56,65d9743cb020df0fbbfc1df3,8,4
65db612df6835e192b749a57,65d9743ab020df0fbbfc1d2e,8,1
65db612df6835e192b749a58,65d9743bb020df0fbbfc1d46,8,3
65db612df6835e192b749a59,65d9743cb020df0fbbfc1dfa,8,4
65db612df6835e192b749a5a,65d9743bb020df0fbbfc1d9c,8,4
65db612df6835e192b749a5b,65d97439b020df0fbbfc1c99,8,3
65db612df6835e192b749a5c,65d9743ab020df0fbbfc1d37,8,1
65db612df6835e192b749a5d,65d9743bb020df0fbbfc1d40,8,3
65db612df6835e192b749a5e,65d9743bb020df0fbbfc1d47,8,1
65db612df6835e192b749a5f,65d9743cb020df0fbbfc1dfa,8,4
65db612df6835e192b749a60,65d9743bb020df0fbbfc1d55,8,1
65db612df6835e192b749a61,65d9743cb020df0fbbfc1df3,8,3
65db612df6835e192b749a62,65d97439b020df0fbbfc1c99,8,2
65db612df6835e192b749a63,65d9743cb020df0fbbfc1e96,8,3
65db612df6835e192b749a64,65d9743cb020df0fbbfc1e9e,8,4
65db612df6835e192b749a65,65d9743ab020df0fbbfc1d37,8,2
65db612df6835e192b749a66,65d9743cb020df0fbbfc1e5c,8,1
65db612df6835e192b749a67,65d9743cb020df0fbbfc1e25,8,1
65db612df6835e192b749a68,65d9743bb020df0fbbfc1d88,8,2
65db612df6835e192b749a69,65d9743bb020df0fbbfc1d47,8,4
65db612df6835e192b749a6a,65d9743ab020df0fbbfc1d37,8,3
65db612df6835e192b749a6b,65d9743eb020df0fbbfc1fb4,8,3
65db612df6835e192b749a6c,65d9743cb020df0fbbfc1dfa,8,3
65db612df6835e192b749a6d,65d9743bb020df0fbbfc1d55,8,3
65db612df6835e192b749a6e,65d9743ab020df0fbbfc1d23,8,1
65db612df6835e192b749a6f,65d9743bb020df0fbbfc1d47,8,2
65db612df6835e192b749a70,65d9743bb020df0fbbfc1d40,8,1
65db612df6835e192b749a71,65d97439b020df0fbbfc1c99,8,4
65db612df6835e192b749a72,65d9743ab020df0fbbfc1d37,8,5
65db612df6835e192b749a73,65d97439b020df0fbbfc1c99,8,2
65db612df6835e192b749a74,65d9743bb020df0fbbfc1d47,8,1
65db612df6835e192b749a75,65d9743bb020df0fbbfc1db3,8,3
65db612df6835e192b749a76,65d9743ab020df0fbbfc1d23,8,1
65db612df6835e192b749a77,65d9743bb020df0fbbfc1d47,8,2
65db612df6835e192b749a78,65d9743db020df0fbbfc1f4e,8,3
65db612df6835e192b749a79,65d9743bb020df0fbbfc1d5e,8,3
65db612df6835e192b749a7a,65d9743bb020df0fbbfc1d5e,8,2
65db612df6835e192b749a7b,65d9743bb020df0fbbfc1d3e,8,2
65db612df6835e192b749a7c,65d9743bb020df0fbbfc1d3e,8,4
65db612df6835e192b749a7d,65d9743ab020df0fbbfc1d2e,8,5
65db612df6835e192b749a7e,65d9743bb020df0fbbfc1d88,8,1
65db612df6835e192b749a7f,65d9743bb020df0fbbfc1d3e,8,1
65db612df6835e192b749a80,65d9743bb020df0fbbfc1d5e,8,4
65db612df6835e192b749a81,65d9743cb020df0fbbfc1e25,8,1
65db612df6835e192b749a82,65d9743bb020df0fbbfc1d66,8,5
65db612df6835e192b749a83,65d9743cb020df0fbbfc1e0b,8,4
65db612df6835e192b749a84,65d9743bb020df0fbbfc1dc6,8,5
65db612df6835e192b749a85,65d9743cb020df0fbbfc1df3,8,1
65db612df6835e192b749a86,65d9743ab020df0fbbfc1d37,8,1
65db612df6835e192b749a87,65d9743db020df0fbbfc1f4e,8,3
65db612df6835e192b749a88,65d9743ab020df0fbbfc1d37,8,3
65db612df6835e192b749a89,65d9743db020df0fbbfc1f4e,8,1
65db612df6835e192b749a8a,65d9743bb020df0fbbfc1d66,8,2
65db612df6835e192b749a8b,65d9743bb020df0fbbfc1d5e,8,1
65db612df6835e192b749a8c,65d9743bb020df0fbbfc1ddd,8,1
65db612df6835e192b749a8d,65d9743bb020df0fbbfc1ddd,8,4
65db612df6835e192b749a8e,65d97439b020df0fbbfc1c99,8,3
65db612df6835e192b749a8f,65d9743bb020df0fbbfc1d3e,8,4
65db612df6835e192b749a90,65d9743bb020df0fbbfc1d9c,8,4
65db612df6835e192b749a91,65d9743bb020df0fbbfc1d94,8,2
65db612df6835e192b749a92,65d9743bb020df0fbbfc1d88,8,4
65db612df6835e192b749a93,65d9743cb020df0fbbfc1df3,8,4
65db612df6835e192b749a94,65d9743cb020df0fbbfc1e40,8,1
65db612df6835e192b749a95,65d9743bb020df0fbbfc1d40,8,1
65db612df6835e192b749a96,65dadbdd875c7156f446844c,8,2
65db612df6835e192b749a97,65d9743bb020df0fbbfc1d55,8,1
65db612df6835e192b749a98,65d9743bb020df0fbbfc1d5e,8,5
65db612df6835e192b749a99,65d9743eb020df0fbbfc1fb4,8,1
65db612df6835e192b749a9a,65d9743bb020df0fbbfc1d77,8,2
65db612df6835e192b749a9b,65d9743bb020df0fbbfc1d77,8,5
65db612df6835e192b749a9c,65d9743bb020df0fbbfc1d55,8,1
65db612df6835e192b749a9d,65d9743bb020df0fbbfc1db3,8,1
65db612df6835e192b749a9e,65d9743cb020df0fbbfc1e5c,8,2
65db612df6835e192b749a9f,65d9743bb020df0fbbfc1d66,8,3
65db612df6835e192b749aa0,65d9743ab020df0fbbfc1d23,8,1
65db612df6835e192b749aa1,65d9743db020df0fbbfc1f4e,8,3
65db612df6835e192b749aa2,65d9743cb020df0fbbfc1dfa,8,2
65db612df6835e192b749aa3,65d9743db020df0fbbfc1f4e,8,1
65db612df6835e192b749aa4,65d9743bb020df0fbbfc1d77,8,3
65db612df6835e192b749aa5,65d9743bb020df0fbbfc1d40,8,3
65db612df6835e192b749aa6,65d9743bb020df0fbbfc1d5e,8,3
65db612df6835e192b749aa7,65d9743bb020df0fbbfc1d88,8,1
65db612df6835e192b749aa8,65d9743bb020df0fbbfc1d3e,8,1
65db612df6835e192b749aa9,65d9743bb020df0fbbfc1d9c,8,5
65db612df6835e192b749aaa,65d9743bb020df0fbbfc1d9c,8,1
65db612df6835e192b749aab,65d9743bb020df0fbbfc1d66,8,3
65db612df6835e192b749aac,65d9743cb020df0fbbfc1e9e,8,4
65db612df6835e192b749aad,65d9743bb020df0fbbfc1db3,8,2
65db612df6835e192b749aae,65d9743cb020df0fbbfc1e96,8,2
65db612df6835e192b749aaf,65d9743ab020df0fbbfc1d23,8,4
65db612df6835e192b749ab0,65d9743ab020df0fbbfc1d37,8,1
65db612df6835e192b749ab1,65d97439b020df0fbbfc1c99,8,2
65db612df6835e192b749ab2,65d97439b020df0fbbfc1c99,8,1
65db612df6835e192b749ab3,65d9743bb020df0fbbfc1d3e,8,2
65db612df6835e192b749ab4,65d9743bb020df0fbbfc1d47,8,2
65db612df6835e192b749ab5,65d9743bb020df0fbbfc1d46,8,3
65db612df6835e192b749ab6,65dadbdd875c7156f446844c,8,4
65db612df6835e192b749ab7,65d9743cb020df0fbbfc1e40,8,5
65db612df6835e192b749ab8,65d9743cb020df0fbbfc1df3,8,4
65db612df6835e192b749ab9,65d97439b020df0fbbfc1c99,8,4
65db612df6835e192b749aba,65d9743bb020df0fbbfc1d40,8,4
65db612df6835e192b749abb,65d9743cb020df0fbbfc1e25,8,2
65db612df6835e192b749abc,65d9743bb020df0fbbfc1d55,8,3
65db612df6835e192b749abd,65d9743eb020df0fbbfc1fe9,8,3
65db612df6835e192b749abe,65d9743db020df0fbbfc1f4e,8,3
65db612df6835e192b749abf,65d9743eb020df0fbbfc1fe9,8,3
65db612df6835e192b749ac0,65d9743ab020df0fbbfc1d37,8,4
65db612df6835e192b749ac1,65d9743bb020df0fbbfc1d77,8,5
65db612df6835e192b749ac2,65d9743bb020df0fbbfc1d88,8,3
65db612df6835e192b749ac3,65d9743cb020df0fbbfc1e78,8,1
65db612df6835e192b749ac4,65d9743bb020df0fbbfc1d66,8,3
65db612df6835e192b749ac5,65d9743bb020df0fbbfc1d9c,8,5
65db612df6835e192b749ac6,65d9743eb020df0fbbfc1fe9,8,4
65db612df6835e192b749ac7,65d9743bb020df0fbbfc1ddd,8,3
65db612df6835e192b749ac8,65d9743cb020df0fbbfc1e96,8,3
65db612df6835e192b749ac9,65d9743cb020df0fbbfc1e25,8,1
65db612df6835e192b749aca,65d9743bb020df0fbbfc1d88,8,5
65db612df6835e192b749acb,65d9743cb020df0fbbfc1df3,8,2
65db612df6835e192b749acc,65d97439b020df0fbbfc1c99,8,1
65db612df6835e192b749acd,65d9743bb020df0fbbfc1d40,8,1
65db612df6835e192b749ace,65d9743bb020df0fbbfc1db3,8,5
65db612df6835e192b749acf,65d9743bb020df0fbbfc1ddd,8,2
65db612df6835e192b749ad0,65d9743bb020df0fbbfc1d88,8,3
65db612df6835e192b749ad1,65d9743bb020df0fbbfc1db3,8,3
65db612df6835e192b749ad2,65d9743bb020df0fbbfc1d46,8,3
65db612df6835e192b749ad3,65d9743bb020df0fbbfc1ddd,8,3
65db612df6835e192b749ad4,65d9743bb020df0fbbfc1d9c,8,4
65db612df6835e192b749ad5,65d9743bb020df0fbbfc1d66,8,5
65db612df6835e192b749ad6,65d9743bb020df0fbbfc1d66,8,3
65db612df6835e192b749ad7,65d9743cb020df0fbbfc1dfa,8,2
65db612df6835e192b749ad8,65d9743ab020df0fbbfc1d37,8,1
65db612df6835e192b749ad9,65d9743cb020df0fbbfc1e0b,8,3
65db612df6835e192b749ada,65d9743bb020df0fbbfc1d88,8,4
65db612df6835e192b749adb,65d9743cb020df0fbbfc1e96,8,5
65db612df6835e192b749adc,65d9743bb020df0fbbfc1db3,8,4
65db612df6835e192b749add,65d9743cb020df0fbbfc1e0b,8,4
65db612df6835e192b749ade,65d9743cb020df0fbbfc1e25,8,5
65db612df6835e192b749adf,65d9743ab020df0fbbfc1d23,8,2
65db612df6835e192b749ae0,65d9743cb020df0fbbfc1e9e,8,5
65db612df6835e192b749ae1,65d9743cb020df0fbbfc1e25,8,5
65db612df6835e192b749ae2,65d9743cb020df0fbbfc1e0b,8,2
65db612df6835e192b749ae3,65d9743db020df0fbbfc1f4e,8,1
65db612df6835e192b749ae4,65d9743bb020df0fbbfc1db3,8,5
65db612df6835e192b749ae5,65d9743bb020df0fbbfc1d55,8,4
65db612df6835e192b749ae6,65d97439b020df0fbbfc1c99,8,1
65db612df6835e192b749ae7,65d9743cb020df0fbbfc1e9e,8,5
65db612df6835e192b749ae8,65d9743cb020df0fbbfc1df3,8,3
65db612df6835e192b749ae9,65d9743eb020df0fbbfc1fb4,8,2
65db612df6835e192b749aea,65d9743cb020df0fbbfc1dfa,8,3
65db612df6835e192b749aeb,65d9743db020df0fbbfc1f26,8,4
65db612df6835e192b749aec,65d9743bb020df0fbbfc1d66,8,3
65db612df6835e192b749aed,65d9743bb020df0fbbfc1ddd,8,1
65db612df6835e192b749aee,65d9743ab020df0fbbfc1d37,8,3
65db612df6835e192b749aef,65d9743db020df0fbbfc1f4e,8,3
65db612df6835e192b749af0,65d9743bb020df0fbbfc1d94,8,3
65db612df6835e192b749af1,65d9743bb020df0fbbfc1d47,8,3
65db612df6835e192b749af2,65d9743cb020df0fbbfc1e0b,8,5
65db612df6835e192b749af3,65d9743cb020df0fbbfc1e25,8,5
65db612df6835e192b749af4,65d9743cb020df0fbbfc1e5c,8,2
65db612df6835e192b749af5,65d9743ab020df0fbbfc1d37,8,4
65db612df6835e192b749af6,65d9743ab020df0fbbfc1d2e,8,2
65db612df6835e192b749af7,65d9743cb020df0fbbfc1e78,8,2
65db612df6835e192b749af8,65d9743eb020df0fbbfc1fb4,8,4
65db612df6835e192b749af9,65d9743db020df0fbbfc1f26,8,5
65db612df6835e192b749afa,65d9743cb020df0fbbfc1df3,8,1
65db612df6835e192b749afb,65d9743bb020df0fbbfc1d9c,8,4
65db612df6835e192b749afc,65d9743bb020df0fbbfc1d66,8,1
65db612df6835e192b749afd,65d9743cb020df0fbbfc1e5c,8,3
65db612df6835e192b749afe,65d9743cb020df0fbbfc1e25,8,1
65db612df6835e192b749aff,65d9743bb020df0fbbfc1d55,8,1
65db612df6835e192b749b00,65d9743cb020df0fbbfc1e9e,8,1
65db612df6835e192b749b01,65d9743bb020df0fbbfc1dc6,8,4
65db612df6835e192b749b02,65d9743cb020df0fbbfc1e40,8,1
65db612df6835e192b749b03,65d9743bb020df0fbbfc1d40,8,2
65db612df6835e192b749b04,65d9743eb020df0fbbfc1fb4,8,1
65db612df6835e192b749b05,65d9743cb020df0fbbfc1e40,8,5
65db612df6835e192b749b06,65d9743bb020df0fbbfc1d88,8,2
65db612df6835e192b749b07,65d9743cb020df0fbbfc1e25,8,5
65db612df6835e192b749b08,65d9743cb020df0fbbfc1e9e,8,2
65db612df6835e192b749b09,65d9743bb020df0fbbfc1d9c,8,3
65db612df6835e192b749b0a,65d9743eb020df0fbbfc1fb4,8,3
65db612df6835e192b749b0b,65d9743bb020df0fbbfc1d88,8,5
65db612df6835e192b749b0c,65d9743bb020df0fbbfc1d40,8,2
65db612df6835e192b749b0d,65d9743bb020df0fbbfc1d47,8,2
65db612df6835e192b749b0e,65d9743eb020df0fbbfc1fb4,8,4
65db612df6835e192b749b0f,65d9743bb020df0fbbfc1d94,8,4
65db612df6835e192b749b10,65d9743bb020df0fbbfc1d66,8,2
65db612df6835e192b749b11,65d9743cb020df0fbbfc1e40,8,1
65db612df6835e192b749b12,65d9743cb020df0fbbfc1dfa,8,2
65db612df6835e192b749b13,65d9743bb020df0fbbfc1d66,8,5
65db612df6835e192b749b14,65d9743bb020df0fbbfc1d88,8,2
65db612df6835e192b749b15,65dadbdd875c7156f446844c,8,5
65db612df6835e192b749b16,65d97439b020df0fbbfc1c99,8,1
65db612df6835e192b749b17,65d9743ab020df0fbbfc1d23,8,3
65db612df6835e192b749b18,65d9743cb020df0fbbfc1dfa,8,3
65db612df6835e192b749b19,65d9743db020df0fbbfc1f4e,8,1
65db612df6835e192b749b1a,65d9743cb020df0fbbfc1e78,8,4
65db612df6835e192b749b1b,65d9743bb020df0fbbfc1d5e,8,3
65db612df6835e192b749b1c,65d9743db020df0fbbfc1f26,8,3
65db612df6835e192b749b1d,65d9743eb020df0fbbfc1fb4,8,4
65db612df6835e192b749b1e,65d9743ab020df0fbbfc1d23,8,5
65db612df6835e192b749b1f,65d9743ab020df0fbbfc1d2e,8,4
65db612df6835e192b749b20,65d9743bb020df0fbbfc1d66,8,1
65db612df6835e192b749b21,65d9743bb020df0fbbfc1d55,8,2
65db612df6835e192b749b22,65d97439b020df0fbbfc1c99,8,2
65db612df6835e192b749b23,65d9743cb020df0fbbfc1dfa,8,1
65db612df6835e192b749b24,65d9743bb020df0fbbfc1db3,8,3
65db612df6835e192b749b25,65d9743bb020df0fbbfc1d66,8,2
65db612df6835e192b749b26,65d9743cb020df0fbbfc1dfa,8,2
65db612df6835e192b749b27,65d9743db020df0fbbfc1f4e,8,3
65db612df6835e192b749b28,65d9743ab020df0fbbfc1d2e,8,5
65db612df6835e192b749b29,65d9743bb020df0fbbfc1d9c,8,1
